"N1_1-11",1
"N1_1-12",1
"N1_1-13",1
"N1_1-14",1
"N1_1-15",1
"N1_1-16",1
"N1_1-17",1
"N1_1-18",1
"N1_1-19",1
"N1_1-20",1
"N1_1-21",1
"N1_1-22",1
"N1_2-11",2
"N1_2-12",2
"N1_2-13",2
"N1_2-14",2
"N1_2-15",3
"N1_2-16",2
"N1_2-17",2
"N1_2-18",2
"N1_2-19",2
"N1_2-20",2
"N1_2-21",2
"N1_2-22",2
"N2_1-11",4
"N2_1-13",4
"N2_1-14",4
"N2_1-15",4
"N2_1-16",4
"N2_1-17",4
"N2_1-18",4
"N2_1-19",4
"N2_1-20",4
"N2_1-21",4
"N2_1-22",4
"N2_2-11",2
"N2_2-12",2
"N2_2-13",2
"N2_2-14",5
"N2_2-15",5
"N2_2-16",5
"N2_2-17",3
"N2_2-18",3
"N2_2-19",3
"N2_2-20",5
"N2_2-21",5
"N2_2-22",3
"N5_1-11",1
"N5_1-12",1
"N5_1-13",1
"N5_1-14",1
"N5_1-15",1
"N5_1-16",1
"N5_1-17",4
"N5_1-18",1
"N5_1-19",1
"N5_1-20",1
"N5_1-21",1
"N5_1-22",1
"N5_2-11",2
"N5_2-12",3
"N5_2-13",3
"N5_2-14",3
"N5_2-15",3
"N5_2-16",3
"N5_2-17",2
"N5_2-18",3
"N5_2-19",2
"N5_2-20",2
"N5_2-21",3
"N5_2-22",3
"P1_1-20",6
"P1_1-22",6
"P1_1-11",6
"P1_1-12",6
"P1_1-13",6
"P1_1-14",6
"P1_1-15",6
"P1_1-16",6
"P1_1-17",6
"P1_1-18",6
"P1_1-19",6
"P1_2-11",3
"P1_2-12",3
"P1_2-13",3
"P1_2-14",3
"P1_2-15",3
"P1_2-16",3
"P1_2-17",3
"P1_2-18",3
"P1_2-19",2
"P3_1-11",4
"P3_1-12",4
"P3_1-14",4
"P3_1-15",4
"P3_1-16",4
"P3_1-17",4
"P3_1-18",4
"P3_1-19",4
"P3_1-21",4
"P3_1-22",4
"P3_2-11",3
"P3_2-12",3
"P3_2-13",3
"P3_2-14",3
"P3_2-15",3
"P3_2-16",3
"P3_2-17",3
"P3_2-18",3
"P3_2-20",3
"P3_2-21",3
"P3_2-22",3
"P5_1-11",4
"P5_1-12",4
"P5_1-13",4
"P5_1-14",4
"P5_1-15",4
"P5_1-16",4
"P5_1-18",4
"P5_1-19",4
"P5_1-20",4
"P5_1-21",4
"P5_1-22",4
"P5_2-11",3
"P5_2-13",3
"P5_2-14",3
"P5_2-15",3
"P5_2-16",3
"P5_2-18",5
"P5_2-19",5
"P5_2-20",5
"P5_2-21",5
"P5_2-22",3
